id,rank,name,employees,previousrank,revenues,revenuechange,profits,profitschange,assets,marketvalue
2,1,Walmart,2300000,1,485873.0,0.008,13643.0,-0.072,198825.0,218619.0
3,2,Berkshire Hathaway,367700,4,223604.0,0.061,24074.0,0.0,620854.0,411035.0
4,3,Apple,116000,3,215639.0,-0.077,45687.0,-0.144,321686.0,753718.0
5,4,Exxon Mobil,72700,2,205004.0,-0.167,7840.0,-0.515,330314.0,340056.0
6,5,McKesson,68000,5,192487.0,0.062,2258.0,0.53,56563.0,31439.0
7,6,UnitedHealth Group,230000,6,184840.0,0.177,7017.0,0.207,122810.0,157793.0
8,7,CVS Health,204000,7,177526.0,0.158,5317.0,0.015,94462.0,81310.0
9,8,General Motors,225000,8,166380.0,0.092,9427.0,-0.027,221690.0,52968.0
10,9,AT&T,268540,10,163786.0,0.116,12976.0,-0.028,403821.0,255679.0
11,10,Ford Motor,201000,9,151800.0,0.015,4596.0,-0.377,237951.0,46349.0
12,11,AmerisourceBergen,18500,12,146850.0,0.08,1427.9,,33656.0,19229.0
13,12,Amazon.com,341400,18,135987.0,0.271,2371.0,2.978,83402.0,423031.0
14,13,General Electric,295000,11,126661.0,-0.098,8831.0,,365183.0,259520.0
15,14,Verizon,160900,13,125980.0,-0.043,13127.0,-0.266,244180.0,198900.0
16,15,Cardinal Health,37300,21,121546.0,0.185,1427.0,0.174,34122.0,25725.0
17,16,Costco,172000,15,118719.0,0.022,2350.0,-0.011,33163.0,73606.0
18,17,Walgreens Boots Alliance,300000,19,117351.0,0.134,4173.0,-0.011,72688.0,89645.0
19,18,Kroger,443000,17,115337.0,0.05,1975.0,-0.031,36505.0,26961.0
20,19,Chevron,55200,14,107567.0,-0.18,-497.0,-1.108,260078.0,203263.0
21,20,Fannie Mae,7000,16,107162.0,-0.029,12313.0,0.124,3287968.0,3011.0
22,21,J.P. Morgan Chase,243355,23,105486.0,0.044,24733.0,0.012,2490972.0,313761.0
23,22,Express Scripts Holding,25600,22,100288.0,-0.014,3404.4,0.375,51745.0,39567.0
24,23,Home Depot,406000,28,94595.0,0.069,7957.0,0.135,42966.0,176368.0
25,24,Boeing,150540,24,94571.0,-0.016,4895.0,-0.054,89997.0,107546.0
26,25,Wells Fargo,269100,27,94176.0,0.046,21938.0,-0.042,1930115.0,278516.0
27,26,Bank of America Corp.,208024,26,93662.0,0.007,17906.0,0.127,2187702.0,236182.0
28,27,Alphabet,72053,36,90272.0,0.204,19478.0,0.191,167497.0,579426.0
29,28,Microsoft,114000,25,85320.0,-0.088,16798.0,0.378,193694.0,508935.0
30,29,Anthem,53000,33,84863.0,0.072,2469.8,-0.035,65083.0,43813.0
31,30,Citigroup,219000,29,82386.0,-0.067,14912.0,-0.135,1792077.0,165394.0
32,31,Comcast,159000,37,80403.0,0.079,8695.0,0.065,180500.0,178258.0
33,32,IBM,414400,31,79919.0,-0.031,11872.0,-0.1,117470.0,164251.0
34,33,State Farm Insurance Cos.,68234,35,76132.0,0.006,350.3,-0.944,256030.0,
35,34,Phillips 66,14800,30,72396.0,-0.169,1555.0,-0.632,51653.0,40954.0
36,35,Johnson & Johnson,126400,39,71890.0,0.026,16540.0,0.073,141208.0,337642.0
37,36,Procter & Gamble,105000,34,71726.0,-0.089,10508.0,0.493,127136.0,229700.0
38,37,Valero Energy,9996,32,70166.0,-0.142,2289.0,-0.426,46173.0,29746.0
39,38,Target,323000,38,69495.0,-0.058,2737.0,-0.186,37431.0,30502.0
40,39,Freddie Mac,5982,43,65665.0,0.034,7815.0,0.226,2023376.0,1612.0
41,40,Lowe,240000,47,65017.0,0.101,3093.0,0.215,34408.0,70481.0
42,41,Dell Technologies,138000,,64806.0,0.181,-1672.0,,118206.0,
43,42,MetLife,58000,40,63476.0,-0.093,800.0,-0.849,898764.0,57429.0
44,43,Aetna,49500,46,63155.0,0.047,2271.0,-0.05,69146.0,44859.0
45,44,PepsiCo,264000,44,62799.0,-0.004,6329.0,0.161,74129.0,159763.0
46,45,Archer Daniels Midland,31800,41,62346.0,-0.079,1279.0,-0.308,39769.0,26274.0
47,46,UPS,335520,48,60906.0,0.044,3431.0,-0.292,40377.0,93276.0
48,47,Intel,106000,51,59387.0,0.073,10316.0,-0.097,113327.0,170539.0
49,48,Prudential Financial,49739,50,58779.0,0.029,4368.0,-0.226,783962.0,45912.0
50,49,Albertsons Cos.,274000,,58734.0,1.159,-502.2,,23770.0,
51,50,United Technologies,201600,45,57244.0,-0.062,5055.0,-0.336,89706.0,89957.0
52,51,Marathon Petroleum,44460,42,55858.0,-0.135,1174.0,-0.588,44413.0,26679.0
53,52,Disney,195000,53,55632.0,0.06,9391.0,0.12,92033.0,179298.0
54,53,Humana,51600,52,54379.0,0.002,614.0,-0.519,25396.0,29743.0
55,54,Pfizer,96500,55,52824.0,0.081,7215.0,0.037,171615.0,203725.0
56,55,AIG,56400,49,52367.0,-0.102,-849.0,-1.387,498264.0,61154.0
57,56,Lockheed Martin,97000,60,50658.0,0.098,5302.0,0.471,47806.0,77557.0
58,57,Sysco,51900,57,50367.0,0.035,949.6,0.383,16722.0,28048.0
59,58,FedEx,335767,58,50365.0,0.061,1820.0,0.733,46064.0,52178.0
60,59,Hewlett Packard Enterprise,195000,,50123.0,,3161.0,,79679.0,39288.0
61,60,Cisco Systems,73700,54,49247.0,0.002,10739.0,0.196,121652.0,169266.0
62,61,HP,49000,20,48238.0,-0.533,2496.0,-0.452,29010.0,30231.0
63,62,Dow Chemical,56000,56,48158.0,-0.013,4318.0,-0.438,79511.0,77460.0
64,63,HCA Holdings,210500,63,44747.0,0.027,2890.0,0.357,33758.0,32966.0
65,64,Coca-Cola,100300,62,41863.0,-0.055,6527.0,-0.112,87270.0,182153.0
66,65,New York Life Insurance,11320,61,40787.0,-0.111,1088.1,3.241,287196.0,
67,66,Centene,30500,124,40721.0,0.786,562.0,0.583,20197.0,12271.0
68,67,American Airlines Group,122300,67,40180.0,-0.02,2676.0,-0.648,51274.0,21326.0
69,68,Nationwide,34320,69,40074.0,-0.004,334.3,-0.424,197790.0,
70,69,Merck,68000,72,39807.0,0.008,3920.0,-0.118,95377.0,174454.0
71,70,Cigna,41000,79,39668.0,0.047,1867.0,-0.108,59360.0,37604.0
72,71,Delta Air Lines,83756,68,39639.0,-0.026,4373.0,-0.034,51261.0,33586.0
73,72,Best Buy,125000,71,39403.0,-0.009,1228.0,0.369,13856.0,15193.0
74,73,Honeywell International,131000,75,39302.0,0.019,4809.0,0.009,54146.0,94991.0
75,74,Caterpillar,95400,59,38537.0,-0.18,-67.0,-1.032,74704.0,54402.0
76,75,Liberty Mutual Insurance Group,50000,73,38308.0,-0.029,1006.0,0.957,125592.0,
77,76,Morgan Stanley,55311,78,37949.0,0.001,5979.0,-0.024,814949.0,79947.0
78,77,Massachusetts Mutual Life Insurance,11737,76,37788.0,-0.012,1273.5,-0.106,271040.0,
79,78,Goldman Sachs Group,34400,74,37712.0,-0.038,7398.0,0.216,860165.0,91380.0
80,79,Energy Transfer Equity,30992,65,37504.0,-0.11,995.0,-0.163,79011.0,21292.0
81,80,TIAA,12997,82,37105.0,0.055,1492.3,0.229,523194.0,
82,81,Oracle,136000,77,37047.0,-0.031,8901.0,-0.104,112180.0,183556.0
83,82,Tyson Foods,114000,66,36881.0,-0.109,1768.0,0.449,22373.0,22028.0
84,83,United Continental Holdings,88000,80,36556.0,-0.035,2263.0,-0.692,40140.0,22225.0
85,84,Allstate,43275,81,36534.0,0.025,1877.0,-0.135,108610.0,29754.0
86,85,Publix Super Markets,191000,87,34274.0,0.051,2025.7,0.031,17464.0,
87,86,American Express,56400,85,33823.0,-0.018,5408.0,0.047,158893.0,71193.0
88,87,TJX,235000,89,33184.0,0.072,2298.2,0.009,12884.0,51053.0
89,88,Nike,70700,91,32376.0,0.058,3760.0,0.149,21396.0,92204.0
90,89,Exelon,34396,95,31360.0,0.065,1134.0,-0.5,114904.0,33309.0
91,90,General Dynamics,98800,88,31353.0,-0.004,2955.0,-0.003,32872.0,56791.0
92,91,Rite Aid,70580,107,30737.0,0.159,165.5,-0.922,11277.0,4473.0
93,92,Gilead Sciences,9000,86,30390.0,-0.069,13501.0,-0.254,56977.0,88788.0
94,93,CHS,12157,84,30347.0,-0.122,424.2,-0.457,17318.0,
95,94,3M,91584,93,30109.0,-0.005,5050.0,0.045,32906.0,114338.0
96,95,Time Warner,25000,99,29318.0,0.043,3926.0,0.024,65966.0,75660.0
97,96,Charter Communications,91500,292,29003.0,1.973,3522.0,,149067.0,100595.0
98,97,Northwestern Mutual,5646,100,28799.0,0.024,818.0,0.004,250441.0,
99,98,Facebook,17048,157,27638.0,0.542,10217.0,1.77,64961.0,410522.0
100,99,Travelers Cos.,30900,105,27625.0,0.031,3014.0,-0.124,100245.0,33689.0
101,100,Capital One Financial,47300,112,27519.0,0.096,3751.0,-0.074,357033.0,41831.0
102,101,Twenty-First Century Fox,21500,96,27326.0,-0.057,2755.0,-0.668,48365.0,59949.0
103,102,USAA,29943,114,27131.0,0.114,1779.1,-0.217,147290.0,
104,103,World Fuel Services,5000,92,27016.0,-0.111,126.5,-0.275,5413.0,2535.0
105,104,Philip Morris International,79500,106,26685.0,-0.004,6967.0,0.014,36851.0,175349.0
106,105,Deere,56767,97,26644.0,-0.077,1523.9,-0.214,57981.0,34648.0
107,106,Kraft Heinz,41000,153,26487.0,0.444,3632.0,4.729,120480.0,110528.0
108,107,Tech Data,9500,108,26235.0,-0.005,195.1,-0.266,7932.0,3569.0
109,108,Avnet,17700,102,26219.0,-0.061,506.5,-0.114,11240.0,5898.0
110,109,Mondelez International,90000,102,25923.0,-0.125,1659.0,-0.772,61538.0,65676.0
111,110,Macy,148300,103,25778.0,-0.048,619.0,-0.423,19851.0,9046.0
112,111,AbbVie,30000,123,25638.0,0.122,5953.0,0.157,66099.0,103838.0
113,112,McDonald,375000,109,24622.0,-0.031,4686.5,0.035,31024.0,106150.0
114,113,DuPont,46000,101,24594.0,-0.12,2513.0,0.287,39964.0,69451.0
115,114,Northrop Grumman,67000,118,24508.0,0.042,2200.0,0.106,25614.0,41577.0
116,115,ConocoPhillips,13300,90,24360.0,-0.213,-3615.0,,89772.0,61692.0
117,116,Raytheon,63000,120,24069.0,0.035,2211.0,0.066,30052.0,44664.0
118,117,Tesoro,6308,98,24005.0,-0.147,734.0,-0.523,20398.0,9515.0
119,118,Arrow Electronics,18700,119,23825.0,0.023,522.8,0.05,14206.0,6546.0
120,119,Qualcomm,30500,110,23554.0,-0.068,5705.0,0.082,52359.0,84694.0
121,120,Progressive,31721,137,23441.0,0.124,1031.0,-0.187,33428.0,22760.0
122,121,Duke Energy,28798,115,23369.0,-0.01,2152.0,-0.236,132761.0,57397.0
123,122,Enterprise Products Partners,6800,104,23022.0,-0.148,2513.1,-0.003,52194.0,58522.0
124,123,Amgen,19200,130,22991.0,0.061,7722.0,0.113,77626.0,120830.0
125,124,US Foods Holding,25000,122,22919.0,-0.009,209.8,0.252,8945.0,6207.0
126,125,U.S. Bancorp,71191,131,22744.0,0.058,5888.0,0.002,445964.0,87201.0
127,126,Aflac,10212,135,22559.0,0.081,2659.0,0.05,129819.0,29053.0
128,127,Sears Holdings,140000,111,22138.0,-0.12,-2221.0,,9362.0,1231.0
129,128,Dollar General,121000,139,21987.0,0.079,1251.1,0.074,11672.0,19182.0
130,129,AutoNation,26000,136,21609.0,0.036,430.5,-0.027,10060.0,4268.0
131,130,Community Health Systems,108000,125,21374.0,-0.058,-1721.0,,21944.0,1010.0
132,131,Starbucks,254000,146,21316.0,0.112,2817.7,0.022,14330.0,85092.0
133,132,Eli Lilly,41975,141,21222.0,0.063,2737.6,0.137,38806.0,92803.0
134,133,International Paper,55000,127,21079.0,-0.058,904.0,-0.036,33345.0,20884.0
135,134,Tenet Healthcare,116475,140,21070.0,0.048,-192.0,,24701.0,1777.0
136,135,Abbott Laboratories,75000,138,20853.0,0.009,1400.0,-0.683,52666.0,76740.0
137,136,Dollar Tree,116050,180,20719.0,0.337,896.2,2.174,15702.0,18540.0
138,137,Whirlpool,93000,134,20718.0,-0.008,888.0,0.134,19153.0,12762.0
139,138,Southwest Airlines,53536,142,20425.0,0.031,2244.0,0.029,23286.0,33076.0
140,139,Emerson Electric,103500,128,20268.0,-0.091,1635.0,-0.397,21743.0,38614.0
141,140,Staples,61503,132,20217.0,-0.04,-1497.0,-4.948,8271.0,5723.0
142,141,Plains GP Holdings,5100,121,20182.0,-0.128,94.0,-0.203,26103.0,9127.0
143,142,Penske Automotive Group,24000,143,20143.0,0.04,342.9,0.052,8861.0,4001.0
144,143,Union Pacific,42919,129,19941.0,-0.086,4233.0,-0.113,55718.0,85911.0
145,144,Danaher,62000,133,19912.0,-0.048,2553.7,-0.239,45295.0,59359.0
146,145,Southern,32015,162,19896.0,0.138,2448.0,0.034,109697.0,49335.0
147,146,ManpowerGroup,28000,144,19654.0,0.017,443.7,0.058,7574.0,6938.0
148,147,Bristol-Myers Squibb,25000,168,19427.0,0.173,4457.0,1.848,33707.0,89591.0
149,148,Altria Group,8300,149,19337.0,0.026,14239.0,1.717,45932.0,138513.0
150,149,Fluor,61551,155,19037.0,0.051,281.4,-0.318,9216.0,7353.0
151,150,Kohl,85000,145,18686.0,-0.027,556.0,-0.174,13574.0,6862.0
152,151,Lear,148400,154,18558.0,0.019,975.1,0.308,9901.0,9726.0
153,152,Jabil Circuit,138000,158,18353.0,0.025,254.1,-0.105,10323.0,5270.0
154,153,Hartford Financial Services Group,16900,152,18300.0,-0.004,896.0,-0.467,223432.0,17795.0
155,154,Thermo Fisher Scientific,54800,164,18274.0,0.077,2021.8,0.023,45908.0,59964.0
156,155,Kimberly-Clark,42000,151,18202.0,-0.021,2166.0,1.138,14602.0,46828.0
157,156,Molina Healthcare,21000,201,17782.0,0.254,52.0,-0.636,7449.0,2601.0
158,157,PG&E Corp.,24000,166,17666.0,0.049,1393.0,0.594,68598.0,33696.0
159,158,Supervalu,38000,160,17529.0,-0.016,178.0,-0.073,4370.0,1033.0
160,159,Cummins,55400,148,17509.0,-0.084,1394.0,-0.004,15011.0,25397.0
161,160,CenturyLink,40000,159,17470.0,-0.024,626.0,-0.287,47017.0,12883.0
162,161,AECOM,87000,156,17411.0,-0.032,96.1,,13727.0,5528.0
163,162,Xerox,133600,150,17126.0,-0.082,-477.0,-2.006,18145.0,7462.0
164,163,Marriott International,226500,195,17072.0,0.179,780.0,-0.092,24140.0,36124.0
165,164,Paccar,23000,147,17033.0,-0.109,521.7,-0.675,20639.0,23604.0
166,165,General Mills,39000,161,16563.0,-0.061,1697.4,0.39,21712.0,33998.0
167,166,PNC Financial Services Group,50683,171,16423.0,0.009,3903.0,-0.049,366380.0,58455.0
168,167,American Electric Power,17634,165,16380.0,-0.031,610.9,-0.702,63468.0,33009.0
169,168,Icahn Enterprises,90980,184,16348.0,0.07,-1128.0,,33335.0,7989.0
170,169,Nucor,23900,170,16208.0,-0.014,796.3,1.226,15224.0,19051.0
171,170,NextEra Energy,14700,163,16155.0,-0.076,2912.0,0.058,89993.0,60099.0
172,171,Performance Food Group,13000,185,16105.0,0.055,68.3,0.209,3455.0,2464.0
173,172,PBF Energy,3165,217,15920.0,0.213,170.8,0.167,7622.0,2431.0
174,173,Halliburton,50000,117,15887.0,-0.328,-5763.0,,27000.0,42662.0
175,174,CarMax,22429,191,15833.0,0.064,623.4,0.044,14482.0,11081.0
176,175,Freeport-McMoRan,30000,175,15789.0,-0.006,-4154.0,,37317.0,19310.0
177,176,Whole Foods Market,73515,181,15724.0,0.022,507.0,-0.054,6341.0,9468.0
178,177,Bank of New York Mellon Corp.,52000,179,15683.0,0.01,3547.0,0.123,333469.0,48913.0
179,178,Gap,135000,177,15516.0,-0.018,676.0,-0.265,7610.0,9712.0
180,179,Omnicom Group,78500,186,15417.0,0.019,1148.6,0.05,23165.0,20219.0
181,180,Genuine Parts,40000,183,15340.0,0.004,687.2,-0.026,8859.0,13712.0
182,181,DaVita HealthCare Partners,70300,200,15197.0,0.069,879.9,2.262,18741.0,13227.0
183,182,Colgate-Palmolive,36700,174,15195.0,-0.052,2441.0,0.764,12123.0,64715.0
184,183,PPG Industries,47000,182,15178.0,-0.01,877.0,-0.376,15769.0,26970.0
185,184,Goodyear Tire & Rubber,66000,169,15158.0,-0.078,1264.0,3.117,16511.0,9070.0
186,185,Synchrony Financial,15000,,15122.0,0.11,2251.0,0.017,90207.0,27810.0
187,186,DISH Network,16000,187,15095.0,0.002,1449.9,0.941,28092.0,29547.0
188,187,Visa,14200,204,15082.0,0.087,5991.0,-0.053,64035.0,206242.0
189,188,Nordstrom,72500,197,14757.0,0.022,354.0,-0.41,7858.0,7770.0
190,189,INTL FCStone,1464,83,14755.0,-0.575,54.7,-0.018,5951.0,708.0
191,190,WestRock,39000,251,14706.0,0.292,-396.3,-1.782,23038.0,13029.0
192,191,XPO Logistics,87000,353,14619.0,0.918,69.0,,11698.0,5338.0
193,192,Aramark,217250,199,14416.0,0.006,287.8,0.22,10582.0,9081.0
194,193,CBS,18410,203,14386.0,0.036,1261.0,-0.108,24238.0,28405.0
195,194,AES,19000,190,14287.0,-0.045,-1130.0,-4.693,36119.0,7371.0
196,195,WellCare Health Plans,7400,202,14237.0,0.025,242.1,1.041,6153.0,6212.0
197,196,FirstEnergy,15707,188,14156.0,-0.031,-6177.0,,43148.0,14118.0
198,197,ConAgra Foods,20900,176,14134.0,-0.108,-677.0,,13391.0,17557.0
199,198,Synnex,110000,212,14062.0,0.054,234.9,0.127,5223.0,4469.0
200,199,CDW,8516,220,13982.0,0.076,424.4,0.053,6948.0,9197.0
201,200,Textron,36000,209,13788.0,0.027,962.0,0.38,15358.0,12851.0
202,201,Waste Management,41200,221,13609.0,0.05,1182.0,0.57,20859.0,32216.0
203,202,Illinois Tool Works,50000,211,13599.0,0.014,2035.0,0.072,15201.0,45791.0
204,203,Office Depot,38000,196,13585.0,-0.062,529.0,,5540.0,2402.0
205,204,Monsanto,22450,189,13502.0,-0.1,1336.0,-0.423,19736.0,49644.0
206,205,Cognizant Technology Solutions,260200,230,13487.0,0.086,1553.0,-0.043,14262.0,36226.0
207,206,Texas Instruments,29865,219,13370.0,0.028,3595.0,0.204,16431.0,80531.0
208,207,Lincoln National,9057,205,13330.0,-0.018,1192.0,0.033,261627.0,14760.0
209,208,Newell Brands,53400,434,13264.0,1.221,527.8,0.508,33838.0,22787.0
210,209,Land O,10000,215,13233.0,0.006,244.9,-0.204,8305.0,
211,210,Marsh & McLennan,60000,222,13211.0,0.025,1768.0,0.106,18190.0,38078.0
212,211,Ecolab,47565,206,13153.0,-0.029,1229.6,0.227,18330.0,36356.0
213,212,C.H. Robinson Worldwide,14125,208,13144.0,-0.025,513.4,0.007,3688.0,10958.0
214,213,Loews,15800,210,13105.0,-0.023,654.0,1.515,76594.0,15747.0
215,214,CBRE Group,75000,259,13072.0,0.204,572.0,0.045,10780.0,11753.0
216,215,Kinder Morgan,11121,198,13058.0,-0.093,708.0,1.798,80305.0,48533.0
217,216,Kellogg,37369,207,13014.0,-0.038,694.0,0.13,15111.0,25417.0
218,217,Western Digital,72878,194,12994.0,-0.108,242.0,-0.835,32862.0,23775.0
219,218,Guardian Life Ins. Co. of America,8876,226,12919.0,0.023,263.9,-0.357,70339.0,
220,219,Ross Stores,78600,237,12867.0,0.078,1117.7,0.095,5309.0,25814.0
221,220,L Brands,59100,234,12574.0,0.035,1158.1,-0.076,8170.0,13426.0
222,221,J.C. Penney,106000,228,12547.0,-0.006,1.0,,9314.0,1901.0
223,222,Farmers Insurance Exchange,13309,227,12513.0,-0.009,-147.9,,16057.0,
224,223,Reynolds American,5525,266,12503.0,0.171,6073.0,0.867,51095.0,89862.0
225,224,Viacom,9650,213,12488.0,-0.059,1438.0,-0.252,22508.0,18503.0
226,225,Becton Dickinson,50928,278,12483.0,0.214,976.0,0.404,25586.0,39041.0
227,226,Micron Technology,31400,173,12399.0,-0.234,-276.0,-1.095,27540.0,31972.0
228,227,Principal Financial,14854,236,12394.0,0.036,1316.5,0.067,228014.0,18143.0
229,228,Arconic,41500,126,12394.0,-0.45,-941.0,,20038.0,11604.0
230,229,NRG Energy,8763,193,12351.0,-0.158,-774.0,,30355.0,5911.0
231,230,VF,69000,231,12207.0,-0.014,1074.1,-0.128,9739.0,22786.0
232,231,Devon Energy,3545,216,12197.0,-0.072,-3302.0,,25913.0,21886.0
233,232,D.R. Horton,6976,260,12157.0,0.123,886.3,0.181,11559.0,12438.0
234,233,Bed Bath & Beyond,62000,238,12104.0,0.019,841.5,-0.121,6499.0,5931.0
235,234,Consolidated Edison,14960,229,12075.0,-0.038,1245.0,0.044,48255.0,23708.0
236,235,Edison International,12390,246,11869.0,0.03,1311.0,0.285,51319.0,25938.0
237,236,Sherwin-Williams,42550,253,11856.0,0.046,1132.7,0.075,6753.0,28891.0
238,237,NGL Energy Partners,3200,167,11742.0,-0.301,-198.9,-6.332,5560.0,2686.0
239,238,Dominion Resources,16200,243,11737.0,0.005,2123.0,0.118,71610.0,48732.0
240,239,Ameriprise Financial,13195,232,11735.0,-0.038,1314.0,-0.159,139821.0,19953.0
241,240,ADP,57000,248,11668.0,0.017,1492.5,0.028,43670.0,45963.0
242,241,Hilton Worldwide Holdings,169000,254,11663.0,0.035,348.0,-0.752,26211.0,19276.0
243,242,First Data,24000,249,11584.0,0.012,420.0,,40292.0,14224.0
244,243,Henry Schein,21000,268,11572.0,0.089,506.8,0.058,6730.0,13461.0
245,244,Toys ,64000,240,11540.0,-0.022,-36.0,,6908.0,
246,245,BB&T Corp.,37500,273,11538.0,0.115,2426.0,0.164,219276.0,36141.0
247,246,Reinsurance Group of America,2371,271,11522.0,0.106,701.4,0.397,53098.0,8169.0
248,247,Core-Mark Holding,7688,317,11507.0,0.299,54.2,0.052,1497.0,1445.0
249,248,Biogen,7400,263,11449.0,0.064,3702.8,0.044,22877.0,59046.0
250,249,Las Vegas Sands,49000,241,11410.0,-0.024,1670.0,-0.151,20469.0,45313.0
251,250,Stanley Black & Decker,54023,256,11407.0,0.017,965.3,0.092,15635.0,20280.0
252,251,Parker-Hannifin,48950,224,11361.0,-0.106,806.8,-0.203,12057.0,21370.0
253,252,Stryker,33000,287,11325.0,0.139,1647.0,0.145,20435.0,49115.0
254,253,Estee Lauder,46000,261,11262.0,0.045,1114.6,0.024,9223.0,31068.0
255,254,Celgene,7132,305,11229.0,0.213,1999.2,0.248,28086.0,96802.0
256,255,BlackRock,13000,250,11155.0,-0.022,3172.0,-0.052,220177.0,62225.0
257,256,Xcel Energy,11476,257,11107.0,0.007,1123.4,0.141,41155.0,22546.0
258,257,CSX,26628,239,11069.0,-0.063,1714.0,-0.129,35414.0,43126.0
259,258,Unum Group,9400,265,11047.0,0.029,931.4,0.074,61942.0,10749.0
260,259,Jacobs Engineering Group,49350,235,10964.0,-0.095,210.5,-0.305,7360.0,6693.0
261,260,Lennar,8335,301,10950.0,0.156,911.8,0.136,15362.0,12002.0
262,261,Group 1 Automotive,13500,267,10888.0,0.024,147.1,0.565,4462.0,1584.0
263,262,Leucadia National,13000,242,10875.0,-0.069,130.0,-0.542,45071.0,9355.0
264,263,Entergy,13513,247,10846.0,-0.058,-583.6,,45904.0,13685.0
265,264,PayPal Holdings,18100,307,10842.0,0.172,1401.0,0.141,33103.0,51650.0
266,265,Applied Materials,16150,295,10825.0,0.121,1721.0,0.25,14588.0,42005.0
267,266,Voya Financial,6700,252,10782.0,-0.049,-428.0,-2.048,214235.0,7191.0
268,267,MasterCard,11900,294,10776.0,0.115,4059.0,0.066,18675.0,121234.0
269,268,Priceline Group,18500,308,10743.0,0.165,2135.0,-0.163,19839.0,87522.0
270,269,Liberty Interactive,21080,284,10647.0,0.066,1235.0,0.421,20355.0,9101.0
271,270,AutoZone,66780,280,10636.0,0.044,1241.0,0.07,8600.0,20540.0
272,271,State Street Corp.,33783,264,10635.0,-0.012,2143.0,0.082,242698.0,30406.0
273,272,DTE Energy,10000,274,10630.0,0.028,868.0,0.194,32041.0,18317.0
274,273,L-3 Communications,38000,245,10597.0,-0.083,710.0,,11865.0,12859.0
275,274,HollyFrontier,2676,214,10536.0,-0.204,-260.5,-1.352,9436.0,5048.0
276,275,Praxair,26498,262,10534.0,-0.022,1500.0,-0.03,19332.0,33834.0
277,276,Universal Health Services,70863,290,10508.0,0.074,702.4,0.032,10318.0,12022.0
278,277,Discover Financial Services,15549,283,10497.0,0.049,2393.0,0.042,92308.0,26255.0
279,278,Occidental Petroleum,11000,225,10398.0,-0.181,-574.0,,43109.0,48444.0
280,279,United States Steel,29800,244,10261.0,-0.113,-440.0,,9160.0,5893.0
281,280,Sempra Energy,16575,279,10183.0,-0.005,1370.0,0.016,47786.0,27692.0
282,281,Baxter International,48000,286,10163.0,0.02,4965.0,4.129,15546.0,28106.0
283,282,W.W. Grainger,25000,285,10137.0,0.016,605.9,-0.212,5694.0,13668.0
284,283,Autoliv,65900,310,10074.0,0.099,567.1,0.241,8234.0,9032.0
285,284,Norfolk Southern,27856,270,9888.0,-0.059,1668.0,0.072,34892.0,32515.0
286,285,Baker Hughes,33000,178,9841.0,-0.375,-2738.0,,19034.0,25444.0
287,286,Ally Financial,7600,298,9835.0,0.031,1067.0,-0.172,163728.0,9437.0
288,287,Sonic Automotive,9800,297,9732.0,0.011,93.2,0.08,3639.0,900.0
289,288,Owens & Minor,7900,291,9723.0,-0.005,108.8,0.052,2718.0,2114.0
290,289,Huntsman,15000,277,9657.0,-0.062,326.0,2.505,9189.0,5880.0
291,290,Laboratory Corp. of America,52000,325,9642.0,0.111,732.1,0.676,14247.0,14696.0
292,291,Murphy USA,6600,258,9633.0,-0.115,221.5,0.256,2089.0,2706.0
293,292,Advance Auto Parts,57500,293,9568.0,-0.017,459.6,-0.029,8315.0,10944.0
294,293,Fidelity National Financial,55219,311,9554.0,0.046,650.0,0.233,14463.0,10600.0
295,294,Air Products & Chemicals,18450,288,9524.0,-0.037,631.1,-0.506,18055.0,29438.0
296,295,Hormel Foods,21100,304,9523.0,0.028,890.1,0.297,6370.0,18316.0
297,296,Hertz Global Holdings,36000,269,9480.0,-0.1,-491.0,-2.799,19155.0,1456.0
298,297,MGM Resorts International,66500,309,9455.0,0.029,1101.4,,28173.0,15733.0
299,298,Corning,40700,313,9390.0,0.031,3695.0,1.76,27899.0,25030.0
300,299,Republic Services,33000,312,9388.0,0.03,612.6,-0.183,20630.0,21312.0
301,300,Alcoa,14000,,9318.0,,-400.0,,16741.0,6337.0
302,301,Fidelity National Information Services,55000,392,9241.0,0.401,568.0,-0.101,26031.0,26178.0
303,302,Pacific Life,3628,326,9169.0,0.061,824.0,0.247,143298.0,
304,303,SunTrust Banks,24375,329,9161.0,0.074,1878.0,-0.028,204875.0,27175.0
305,304,LKQ,42500,369,9082.0,0.263,464.0,0.096,8303.0,9021.0
306,305,BorgWarner,27000,339,9071.0,0.131,118.5,-0.806,8835.0,8895.0
307,306,Ball,18450,341,9061.0,0.133,263.0,-0.064,16173.0,13000.0
308,307,CST Brands,12380,299,9061.0,-0.046,324.0,1.174,4360.0,3645.0
309,308,Public Service Enterprise Group,13065,272,9061.0,-0.13,887.0,-0.472,40070.0,22451.0
310,309,Eastman Chemical,14000,296,9008.0,-0.066,854.0,0.007,15457.0,11783.0
311,310,eBay,12600,300,8979.0,-0.054,7266.0,3.212,23847.0,36232.0
312,311,Mohawk Industries,37800,338,8959.0,0.11,930.4,0.512,10231.0,17025.0
313,312,Oneok,2384,348,8921.0,0.149,352.0,0.437,16139.0,11684.0
314,313,Frontier Communications,28332,461,8896.0,0.595,-373.0,,29013.0,2521.0
315,314,Netflix,3850,379,8831.0,0.303,186.7,0.522,13587.0,63619.0
316,315,American Family Insurance Group,10471,332,8829.0,0.066,325.6,-0.531,22662.0,
317,316,Thrivent Financial for Lutherans,3282,318,8777.0,-0.001,587.8,-0.236,88561.0,
318,317,Expedia,20075,385,8774.0,0.315,281.8,-0.631,15778.0,18901.0
319,318,Lithia Motors,11170,346,8678.0,0.103,197.1,0.077,3844.0,2156.0
320,319,Avis Budget Group,25600,330,8659.0,0.018,163.0,-0.479,17643.0,2528.0
321,320,Reliance Steel & Aluminum,14500,303,8613.0,-0.079,304.3,-0.023,7411.0,5830.0
322,321,GameStop,41750,302,8608.0,-0.081,353.2,-0.123,4976.0,2282.0
323,322,Tenneco,31000,334,8599.0,0.048,363.0,0.47,4342.0,3390.0
324,323,O,58397,342,8593.0,0.079,1037.7,0.114,7204.0,24730.0
325,324,Peter Kiewit Sons,20000,314,8573.0,-0.047,396.0,0.578,6179.0,
326,325,United Natural Foods,9554,335,8470.0,0.035,125.8,-0.093,2852.0,2187.0
327,326,salesforce.com,25000,386,8392.0,0.259,179.6,,17585.0,58362.0
328,327,Boston Scientific,27000,359,8386.0,0.122,347.0,,18096.0,34046.0
329,328,Newmont Mining,12438,349,8379.0,0.084,-627.0,-3.85,21031.0,17518.0
330,329,Genworth Financial,3400,306,8369.0,-0.095,-277.0,,104658.0,2056.0
331,330,Live Nation Entertainment,11500,366,8355.0,0.153,2.9,,6764.0,6219.0
332,331,Veritiv,8700,323,8327.0,-0.045,21.0,-0.213,2484.0,813.0
333,332,News Corp.,24000,327,8319.0,-0.036,179.0,,15483.0,7559.0
334,333,Crown Holdings,23992,321,8284.0,-0.055,496.0,0.262,9599.0,7367.0
335,334,Global Partners,1770,276,8240.0,-0.201,-199.4,-5.578,2564.0,663.0
336,335,PVH,26650,340,8203.0,0.023,549.0,-0.041,11068.0,8092.0
337,336,Level 3 Communications,12600,333,8172.0,-0.007,677.0,-0.803,24888.0,20638.0
338,337,Navistar International,11300,281,8111.0,-0.2,-97.0,,5653.0,2416.0
339,338,Univar,8700,315,8074.0,-0.101,-68.4,-5.145,5390.0,4293.0
340,339,Campbell Soup,16500,337,7961.0,-0.015,563.0,-0.185,7837.0,17423.0
341,340,Dick,27550,365,7922.0,0.09,287.4,-0.13,4058.0,5489.0
342,341,Weyerhaeuser,10400,373,7902.0,0.116,1027.0,1.03,19243.0,25451.0
343,342,Mutual of Omaha Insurance,5732,367,7899.0,0.092,356.6,0.071,38465.0,
344,343,Chesapeake Energy,3300,223,7872.0,-0.383,-4401.0,,13028.0,5394.0
345,344,Anadarko Petroleum,4500,324,7869.0,-0.095,-3071.0,,45564.0,34640.0
346,345,Interpublic Group,49800,355,7847.0,0.031,608.5,0.339,12485.0,9648.0
347,346,J.M. Smucker,6910,452,7811.0,0.372,688.7,0.997,15984.0,15263.0
348,347,Steel Dynamics,7695,356,7777.0,0.024,382.1,,6424.0,8425.0
349,348,Foot Locker,32965,361,7766.0,0.048,664.0,0.227,3840.0,9818.0
350,349,Western Refining,7134,289,7743.0,-0.209,124.9,-0.693,5560.0,3812.0
351,350,SpartanNash,11500,351,7735.0,0.011,56.8,-0.094,1930.0,1313.0
352,351,Dean Foods,17000,336,7710.0,-0.051,119.9,,2606.0,1786.0
353,352,Zimmer Biomet Holdings,18500,431,7684.0,0.281,305.9,1.081,26684.0,24571.0
354,353,PulteGroup,4623,433,7669.0,0.282,602.7,0.22,10178.0,7466.0
355,354,W.R. Berkley,7608,368,7654.0,0.062,601.9,0.195,23365.0,8561.0
356,355,Quanta Services,28100,352,7651.0,0.002,198.4,-0.362,5354.0,5386.0
357,356,EOG Resources,2650,322,7651.0,-0.126,-1096.7,,29459.0,56302.0
358,357,Charles Schwab,16200,401,7644.0,0.176,1889.0,0.305,223383.0,54555.0
359,358,Eversource Energy,7762,343,7639.0,-0.04,942.3,0.073,32053.0,18627.0
360,359,Anixter International,8900,391,7625.0,0.156,120.5,-0.056,4094.0,2626.0
361,360,EMCOR Group,31000,381,7552.0,0.123,181.9,0.056,3894.0,3756.0
362,361,Assurant,14700,275,7532.0,-0.271,565.4,2.994,29709.0,5298.0
363,362,CenterPoint Energy,7727,363,7528.0,0.019,432.0,,21829.0,11882.0
364,363,Harris,21000,505,7527.0,0.481,324.0,-0.03,11996.0,13849.0
365,364,HD Supply Holdings,14000,320,7524.0,-0.143,196.0,-0.867,5707.0,8296.0
366,365,PPL,12689,350,7517.0,-0.02,1902.0,1.789,38315.0,25448.0
367,366,Quest Diagnostics,43000,358,7515.0,0.003,645.0,-0.09,10100.0,13501.0
368,367,Williams,5604,364,7499.0,0.019,-424.0,,46835.0,24436.0
369,368,WEC Energy Group,8074,437,7472.0,0.261,939.0,0.471,30123.0,19134.0
370,369,Hershey,17140,362,7440.0,0.007,720.0,0.404,5524.0,23236.0
371,370,AGCO,19795,360,7411.0,-0.008,160.1,-0.399,7168.0,4783.0
372,371,Ralph Lauren,20500,354,7405.0,-0.028,396.0,-0.436,6213.0,6710.0
373,372,Masco,26000,345,7357.0,-0.069,491.0,0.383,5137.0,10888.0
374,373,WESCO International,9000,357,7336.0,-0.024,101.6,-0.518,4491.0,3389.0
375,374,LifePoint Health,47000,430,7274.0,0.209,121.9,-0.33,6319.0,2616.0
376,375,National Oilwell Varco,36384,192,7251.0,-0.509,-2412.0,,21140.0,15183.0
377,376,Kindred Healthcare,76650,372,7227.0,0.018,-664.2,,6113.0,711.0
378,377,Mosaic,8700,316,7163.0,-0.195,297.8,-0.702,16841.0,10242.0
379,378,Alliance Data Systems,17000,404,7138.0,0.108,515.8,-0.135,25514.0,13925.0
380,379,Computer Sciences,59000,233,7106.0,-0.417,251.0,,7736.0,9746.0
381,380,Huntington Ingalls Industries,37000,378,7068.0,0.007,573.0,0.418,6352.0,9265.0
382,381,Leidos Holdings,32000,504,7043.0,0.385,244.0,-0.039,9132.0,7696.0
383,382,Erie Insurance Group,4988,411,7016.0,0.057,741.9,0.107,18417.0,
384,383,Tesla,30025,588,7000.0,0.73,-674.9,,22664.0,45390.0
385,384,Ascena Retail Group,41000,523,6995.0,0.456,-11.9,,5506.0,830.0
386,385,Darden Restaurants,150942,371,6934.0,-0.032,375.0,-0.471,4583.0,10389.0
387,386,Harman International Industries,26000,419,6912.0,0.123,361.7,0.056,6054.0,
388,387,Nvidia,10299,508,6910.0,0.379,1666.0,1.713,9841.0,64160.0
389,388,R.R. Donnelley & Sons,44360,255,6896.0,-0.387,-495.9,-4.282,4285.0,846.0
390,389,Fifth Third Bancorp,17844,376,6889.0,-0.02,1564.0,-0.086,142177.0,19066.0
391,390,Quintiles Transnational Holdings,50000,447,6878.0,0.199,115.0,-0.703,21208.0,18999.0
392,391,Jones Lang LaSalle,77300,436,6804.0,0.14,318.2,-0.275,7629.0,5043.0
393,392,Dover,29000,377,6794.0,-0.033,508.9,-0.415,10116.0,12502.0
394,393,Spirit AeroSystems Holdings,14400,389,6793.0,0.022,469.7,-0.404,5405.0,6900.0
395,394,Ryder System,34500,395,6787.0,0.033,262.5,-0.139,10903.0,3992.0
396,395,A-Mark Precious Metals,83000,426,6784.0,0.118,9.3,0.315,437.0,120.0
397,396,Tractor Supply,19500,415,6780.0,0.089,437.1,0.065,2675.0,8960.0
398,397,Sealed Air,23000,375,6778.0,-0.036,486.4,0.45,7389.0,8432.0
399,398,Auto-Owners Insurance,4737,398,6775.0,0.04,706.3,-0.134,21571.0,
400,399,Yum China Holdings,420000,,6752.0,,502.0,,3727.0,10453.0
401,400,Calpine,2372,402,6716.0,0.038,92.0,-0.609,19317.0,3989.0
402,401,Owens-Illinois,27000,418,6702.0,0.089,209.0,0.548,9135.0,3316.0
403,402,Targa Resources,1970,387,6691.0,0.005,-187.3,-4.213,12871.0,11743.0
404,403,JetBlue Airways,15986,405,6632.0,0.034,759.0,0.121,9487.0,6875.0
405,404,Jones Financial,43000,382,6632.0,-0.009,746.0,-0.11,19424.0,
406,405,Franklin Resources,9059,344,6618.0,-0.167,1726.7,-0.152,16099.0,23823.0
407,406,Activision Blizzard,9500,532,6608.0,0.417,966.0,0.083,17452.0,37487.0
408,407,J.B. Hunt Transport Services,22190,416,6556.0,0.059,432.1,0.011,3829.0,10212.0
409,408,Constellation Brands,9000,429,6548.0,0.086,1054.9,0.257,16965.0,31775.0
410,409,NCR,33500,409,6543.0,0.027,270.0,,7673.0,5620.0
411,410,Asbury Automotive Group,7900,393,6528.0,-0.009,167.2,-0.012,2336.0,1271.0
412,411,American Financial Group,7600,421,6498.0,0.057,649.0,0.844,55072.0,8303.0
413,412,Discovery Communications,7000,406,6497.0,0.016,1194.0,0.155,15758.0,11306.0
414,413,Berry Global Group,21000,518,6489.0,0.329,236.0,1.744,7653.0,6256.0
415,414,Sanmina,40178,408,6481.0,0.017,187.8,-0.502,3625.0,3016.0
416,415,CalAtlantic Group,3055,640,6477.0,0.83,484.7,1.27,8709.0,4291.0
417,416,Dr Pepper Snapple Group,20000,413,6440.0,0.025,847.0,0.109,9791.0,17997.0
418,417,Dillard,30800,380,6418.0,-0.05,169.2,-0.372,3888.0,1645.0
419,418,HRG Group,16021,441,6403.0,0.101,-198.8,,35793.0,3869.0
420,419,CMS Energy,7750,403,6399.0,-0.009,551.0,0.054,21622.0,12528.0
421,420,Graybar Electric,8500,423,6385.0,0.045,93.1,0.022,2099.0,
422,421,Builders FirstSource,14000,637,6367.0,0.786,144.3,,2910.0,1669.0
423,422,Yum Brands,90000,218,6366.0,-0.514,1619.0,0.252,5478.0,22611.0
424,423,Casey,24724,374,6304.0,-0.106,226.0,0.251,2726.0,4400.0
425,424,Amphenol,62000,462,6286.0,0.129,822.9,0.078,8499.0,21897.0
426,425,Oshkosh,13800,424,6279.0,0.03,216.4,-0.057,4514.0,5118.0
427,426,iHeartMedia,18700,414,6274.0,0.005,-296.3,,12862.0,330.0
428,427,TreeHouse Foods,16027,686,6175.0,0.926,-228.6,-2.989,6546.0,4813.0
429,428,Alleghany,3420,509,6131.0,0.226,456.9,-0.185,23757.0,9476.0
430,429,Expeditors International of Washington,16000,390,6098.0,-0.078,430.8,-0.058,2791.0,10208.0
431,430,Avery Dennison,25000,435,6087.0,0.02,320.7,0.169,4396.0,7157.0
432,431,Ameren,8629,425,6076.0,-0.004,653.0,0.037,24699.0,13245.0
433,432,Hanesbrands,67800,448,6063.0,0.058,539.4,0.258,6908.0,7733.0
434,433,Motorola Solutions,14000,451,6038.0,0.06,560.0,-0.082,8463.0,14131.0
435,434,St. Jude Medical,18000,465,6004.0,0.084,734.0,-0.166,12578.0,
436,435,Harley-Davidson,6000,432,5997.0,,692.2,-0.08,9890.0,10626.0
437,436,Regions Financial,22166,453,5967.0,0.052,1163.0,0.095,125968.0,17512.0
438,437,Intercontinental Exchange,5631,529,5958.0,0.273,1422.0,0.116,82003.0,35530.0
439,438,Alaska Air Group,19112,459,5931.0,0.059,814.0,-0.04,9962.0,11407.0
440,439,Old Republic International,8500,442,5901.0,0.023,466.9,0.106,18592.0,5382.0
441,440,Lam Research,7500,491,5886.0,0.119,914.0,0.394,12272.0,20903.0
442,441,AK Steel Holding,8500,383,5883.0,-0.121,-7.8,,4036.0,2263.0
443,442,Rockwell Automation,22000,412,5880.0,-0.068,729.7,-0.118,7101.0,20024.0
444,443,Adobe Systems,15706,524,5854.0,0.221,1168.8,0.857,12707.0,64375.0
445,444,Avon Products,26400,370,5853.0,-0.184,-107.6,,3419.0,1933.0
446,445,Terex,18100,396,5841.0,-0.107,-176.1,-2.207,5007.0,3250.0
447,446,NVR,4900,498,5835.0,0.129,425.3,0.111,2644.0,7851.0
448,447,Dana Holding,24900,428,5826.0,-0.039,640.0,3.025,4860.0,2783.0
449,448,Realogy Holdings,11800,449,5810.0,0.018,213.0,0.158,7421.0,4173.0
450,449,American Tower,4507,526,5786.0,0.213,956.4,0.396,30879.0,51921.0
451,450,Packaging Corp. of America,14000,446,5779.0,0.006,449.6,0.029,5777.0,8631.0
452,451,Citizens Financial Group,17600,486,5763.0,0.092,1045.0,0.244,149520.0,17597.0
453,452,United Rentals,12500,440,5762.0,-0.009,566.0,-0.032,11988.0,10561.0
454,453,Clorox,8000,455,5761.0,0.017,648.0,0.117,4518.0,17294.0
455,454,Genesis Healthcare,82000,457,5733.0,0.02,-64.0,,5779.0,408.0
456,455,M&T Bank Corp.,16487,510,5722.0,0.145,1315.1,0.218,123449.0,23792.0
457,456,Ingredion,11000,456,5704.0,0.015,484.9,0.206,5782.0,8646.0
458,457,UGI,13105,384,5686.0,-0.15,364.7,0.298,10847.0,8543.0
459,458,Owens Corning,16000,480,5677.0,0.061,393.0,0.191,7741.0,6910.0
460,459,S&P Global,20000,481,5661.0,0.066,2106.0,0.822,8669.0,33805.0
461,460,Markel,10900,476,5612.0,0.045,455.7,-0.218,25875.0,13623.0
462,461,Wyndham Worldwide,37800,466,5599.0,0.011,611.0,-0.002,9819.0,8829.0
463,462,Arthur J. Gallagher,24790,471,5595.0,0.038,414.4,0.161,11490.0,10148.0
464,463,Burlington Stores,40000,500,5591.0,0.09,215.9,0.435,2575.0,6836.0
465,464,First American Financial,19531,497,5576.0,0.077,343.0,0.191,8832.0,4332.0
466,465,Symantec,11000,400,5568.0,-0.144,2488.0,1.834,11767.0,18986.0
467,466,Patterson,7000,559,5555.0,0.27,187.2,-0.162,3521.0,4393.0
468,467,Olin,6400,761,5551.0,0.945,-3.9,,8763.0,5444.0
469,468,NetApp,12030,422,5546.0,-0.094,229.0,-0.591,10037.0,11339.0
470,469,Raymond James Financial,11900,482,5520.0,0.04,529.4,0.054,31594.0,10958.0
471,470,TravelCenters of America,20259,439,5511.0,-0.058,-2.0,-1.073,1660.0,241.0
472,471,Fiserv,23000,492,5505.0,0.048,930.0,0.306,9743.0,24741.0
473,472,Host Hotels & Resorts,220000,472,5488.0,0.019,762.0,0.366,11408.0,13794.0
474,473,Insight Enterprises,5930,474,5486.0,0.021,84.7,0.117,2219.0,1458.0
475,474,Mattel,32000,450,5457.0,-0.043,318.0,-0.139,6494.0,8770.0
476,475,AmTrust Financial Services,8000,531,5451.0,0.181,411.0,-0.088,22615.0,3158.0
477,476,Cincinnati Financial,4754,499,5449.0,0.06,590.7,-0.068,20386.0,11911.0
478,477,Simon Property Group,4050,488,5435.0,0.032,1838.9,0.006,31104.0,53732.0
479,478,Western Union,10700,468,5423.0,-0.011,253.2,-0.698,9420.0,9691.0
480,479,KeyCorp,15700,540,5422.0,0.194,791.0,-0.136,136453.0,19238.0
481,480,Delek US Holdings,1326,445,5414.0,-0.06,-153.7,-8.923,2985.0,1504.0
482,481,Booz Allen Hamilton Holding,22600,487,5406.0,0.025,294.1,0.265,3010.0,5307.0
483,482,Chemours,7000,,5400.0,,7.0,,6060.0,7080.0
484,483,Western & Southern Financial Group,2178,479,5398.0,0.008,241.2,-0.472,43831.0,
485,484,Celanese,7293,453,5389.0,-0.05,900.0,1.961,8357.0,12643.0
486,485,Windstream Holdings,11870,443,5387.0,-0.066,-383.5,,11770.0,1038.0
487,486,Seaboard,11781,460,5379.0,-0.038,312.0,0.825,4755.0,4881.0
488,487,Essendant,6600,477,5369.0,0.001,63.9,,2164.0,568.0
489,488,Apache,3727,388,5354.0,-0.195,-1405.0,,22519.0,19547.0
490,489,Airgas,17000,484,5314.0,0.002,337.5,-0.083,6135.0,
491,490,Kelly Services,7500,467,5277.0,-0.044,120.8,1.245,2028.0,836.0
492,491,Liberty Media,3626,525,5276.0,0.1,680.0,9.625,31377.0,13055.0
493,492,Rockwell Collins,19000,490,5259.0,-0.001,728.0,0.061,7707.0,12711.0
494,493,Robert Half International,16400,503,5250.0,0.031,343.4,-0.04,1778.0,6240.0
495,494,CH2M Hill,20000,478,5236.0,-0.023,15.0,-0.813,2671.0,
496,495,Big Lots,23150,495,5200.0,0.002,152.8,0.07,1608.0,2180.0
497,496,Michaels Cos.,31000,517,5197.0,0.058,378.2,0.042,2148.0,4229.0
498,497,Toll Brothers,4200,576,5170.0,0.239,382.1,0.052,9737.0,5872.0
499,498,Yahoo,8500,513,5169.0,0.04,-214.3,,48083.0,44391.0
500,499,Vistra Energy,4431,,5164.0,,,,15167.0,6968.0
501,500,ABM Industries,110000,485,5145.0,-0.028,57.2,-0.25,2281.0,2428.0
